id,attendantId,rating,comment,date
,cmf61gvly000dtmdxe53ruvnr,5,,2025-08-12 14:33:56.058193+00
,cmf61gvly000ltmdx3lmihnnk,5,"Excelente atendimento ",2025-08-14 13:44:02.862283+00
,cmf61gvly000ztmdxy6ivci4g,5,"Atenciosa e s√°bia ",2025-08-12 13:08:53.243987+00
,cmf61gvly000dtmdxe53ruvnr,5,Muito bem atendido,2025-08-14 15:36:00.090382+00
,cmf61gvly000ttmdxiz2klpt1,5,"Atendimento sempre Exelente , personalizado .",2025-08-15 18:34:20.116628+00
,cmf61gvly000ntmdxmzg7j6ib,5,"Lucas se mostrou um profissional, qualificado, dedicado, paciente e muito √©tico. Foi totalmente imparcial com rela√ß√£o √†s partes envolvidas no processo de registro dos fatos na ata notorial.",2025-08-13 12:55:45.976691+00
,cmf61gvly000wtmdxv5fxs371,5,,2025-08-14 01:05:32.510772+00
,cmf61gvly000ttmdxiz2klpt1,1,,2025-08-07 18:26:46.544318+00
,cmf61gvly000ttmdxiz2klpt1,5,,2025-08-06 20:09:07.691909+00
,cmf61gvly000dtmdxe53ruvnr,5,Pratica e r√°pida!,2025-08-12 19:06:57.998203+00
,cmf61gvly000ctmdxdz9ltjkf,5,,2025-08-08 21:36:17.387661+00
,cmf61gvly000ztmdxy6ivci4g,5,,2025-08-22 13:55:00.506913+00
,cmf61gvly000ztmdxy6ivci4g,5,,2025-08-20 19:05:02.673752+00
,cmf61gvly000ktmdxcantm62e,5,,2025-08-26 13:51:22.137419+00
,cmf61gvly000ttmdxiz2klpt1,5,,2025-08-08 12:26:02.408571+00
,cmf61gvly000dtmdxe53ruvnr,5,,2025-08-14 13:45:54.138456+00
,cmf61gvly000ltmdx3lmihnnk,5,"Atendente super atenciosa. ",2025-08-28 15:20:36.930359+00
,cmf61gvly000ztmdxy6ivci4g,5,,2025-08-21 17:41:42.448378+00
,cmf61gvly000etmdxm1vxocxm,5,"Parab√©ns, muito competente, atenciosa e prestativa!",2025-08-15 18:35:58.401869+00
,cmf61gvly000ztmdxy6ivci4g,5,"√ìtima atendente ",2025-09-02 17:21:48.901926+00
,cmf61gvly000dtmdxe53ruvnr,5,"Fui muito bem atendido !! Obrigado ",2025-08-26 11:35:18.181769+00
,cmf61gvly000ztmdxy6ivci4g,5,,2025-08-13 13:18:32.062659+00
,cmf61gvly000dtmdxe53ruvnr,5,"Excelente atendimento, educada e muito simp√°tica. ",2025-08-19 13:01:29.469041+00
,cmf61gvly000ztmdxy6ivci4g,5,"√ìtima atendente ",2025-08-16 14:32:11.655023+00
,cmf61gvly000ttmdxiz2klpt1,5,√ìtimo atendimento!,2025-08-08 12:29:56.92847+00
,cmf61gvly000ltmdx3lmihnnk,5,,2025-08-20 16:41:49.646992+00
,cmf61gvly000ttmdxiz2klpt1,5,,2025-08-15 18:40:39.143704+00
,cmf61gvly000ftmdxa217uwmc,5,,2025-09-04 13:09:59.679885+00
,cmf61gvly000ttmdxiz2klpt1,5,,2025-08-12 15:06:31.024099+00
,cmf61gvly000ttmdxiz2klpt1,5,,2025-08-07 19:17:46.235876+00
,cmf61gvly000ttmdxiz2klpt1,5,,2025-08-12 14:56:24.461338+00
,cmf61gvly000dtmdxe53ruvnr,5,"Muito sastifatorio adorei o atendimento ",2025-08-20 19:04:54.407369+00
,cmf61gvly000stmdxuwoe9z8f,5,,2025-08-15 12:10:50.56266+00
,cmf61gvly000dtmdxe53ruvnr,5,Maravilhosa! Muito atenciosa e paciente,2025-08-20 16:30:52.425071+00
,cmf61gvly000dtmdxe53ruvnr,5,Atendimento nota dez ! Por excel√™ncia.,2025-09-02 14:41:33.849828+00
,cmf61gvly000dtmdxe53ruvnr,5,"Atendimento r√°pido e f√°cil muito feliz e parab√©ns a atendente ",2025-08-15 11:50:04.886471+00
,cmf61gvly000ntmdxmzg7j6ib,5,Lucas √© um profiss√£o exemplar. Dedicado ao servi√ßo e muito focado no atendimento do cliente. Tivemos uma demanda onde necessitamos o apoio dele e o resulto foi al√©m do esperado. Sempre muito paciente e dispon√≠vel para atender ao cliente. Parab√©ns .,2025-08-08 19:15:11.340955+00
,cmf61gvly000ttmdxiz2klpt1,5,"√ìtimo atendimento. ",2025-08-07 18:21:28.204303+00
,cmf61gvly000ttmdxiz2klpt1,5,,2025-08-07 17:58:05.724037+00
,cmf61gvly000mtmdxvcpdss3r,5,,2025-08-05 11:13:58.78927+00
,cmf61gvly000qtmdxznrx7ibn,5,,2025-08-16 14:31:37.060887+00
,cmf61gvly000dtmdxe53ruvnr,5,,2025-08-14 13:40:28.207353+00
,cmf61gvly000ltmdx3lmihnnk,5,Fui muito bem atendido !!,2025-08-26 11:34:37.368256+00
,cmf61gvly000dtmdxe53ruvnr,5,,2025-08-14 15:22:58.026323+00
,cmf61gvly000ytmdxm1l6v3hn,5,"Excelente atendimento, atencioso, um cara visivelmente dedicado, eficiente e comprometido",2025-08-26 17:46:55.137207+00
,cmf61gvly000ltmdx3lmihnnk,5,,2025-08-14 13:36:43.991012+00
,cmf61gvly000ttmdxiz2klpt1,5,,2025-08-21 12:54:43.186724+00
,cmf61gvly000ttmdxiz2klpt1,5,,2025-08-07 18:28:06.756079+00
,cmf61gvly000ttmdxiz2klpt1,5,,2025-08-07 18:28:03.547326+00
,cmf61gvly000xtmdxfzcutje7,5,"Um escrevente muito gentil, prestativo sempre busca o melhor para o cliente",2025-08-16 11:44:49.078441+00
,cmf61gvly000ktmdxcantm62e,5,"Educado, bem humorado, Excelente atendimento!ü§ù",2025-08-29 13:31:23.672126+00
,cmf61gvly000xtmdxfzcutje7,5,,2025-08-13 18:58:33.024369+00
,cmf61gvly000dtmdxe53ruvnr,5,,2025-08-18 16:02:11.378713+00
,cmf61gvly000ltmdx3lmihnnk,5,,2025-08-20 13:41:46.461785+00
,cmf61gvly000ttmdxiz2klpt1,5,,2025-08-07 18:27:38.612239+00
,cmf61gvly000dtmdxe53ruvnr,5,,2025-08-20 21:37:52.220097+00
,cmf61gvly000ztmdxy6ivci4g,5,Muito competente e atenciosa!,2025-08-27 15:16:09.228124+00
,cmf61gvly000ntmdxmzg7j6ib,5,,2025-08-08 18:42:48.622151+00
,cmf61gvly000ytmdxm1l6v3hn,5,Muito simpatico e educado,2025-08-18 16:18:56.686645+00
,cmf61gvly000ztmdxy6ivci4g,5,,2025-08-18 18:23:42.079925+00
,cmf61gvly000ztmdxy6ivci4g,5,,2025-08-26 18:08:07.463255+00
,cmf61gvly000ttmdxiz2klpt1,5,,2025-08-06 20:09:34.349713+00
,cmf61gvly000dtmdxe53ruvnr,5,,2025-08-26 11:45:01.535197+00
,cmf61gvly000ztmdxy6ivci4g,5,,2025-08-16 14:30:47.767152+00
,cmf61gvly000ptmdx9nvpb7z7,5,"Muito empenhada e fo√ßada em resolver toda d√∫vida, muito educada ",2025-08-25 21:53:15.920782+00
,cmf61gvly000ltmdx3lmihnnk,5,,2025-08-20 13:41:12.155709+00
,cmf61gvly000ttmdxiz2klpt1,5,,2025-08-22 17:03:15.976941+00
,cmf61gvly000ttmdxiz2klpt1,5,"Muito bom Atendimento ",2025-08-07 19:00:00.969783+00
,cmf61gvly0019tmdxzobnj1jk,5,,2025-08-22 12:58:15.921197+00
,cmf61gvly000ytmdxm1l6v3hn,5,"√ìtimo atendimento ",2025-09-03 19:21:11.015919+00
,cmf61gvly000otmdx67noew3k,5,,2025-08-13 17:51:57.334757+00
,cmf61gvly000dtmdxe53ruvnr,5,,2025-08-15 12:24:31.608421+00
,cmf61gvly001atmdx5t7uu1d6,5,Simpatia √© bom atendimento‚Ä¶,2025-08-15 19:13:23.308462+00
,cmf61gvly000ltmdx3lmihnnk,5,"√ìtima, muito paciente, atendimento excelente!",2025-08-18 13:10:25.29335+00
,cmf61gvly000ttmdxiz2klpt1,5,Muito atenciosa,2025-08-26 12:25:56.789266+00
,cmf61gvly000ytmdxm1l6v3hn,5,,2025-08-15 16:10:32.730021+00
,cmf61gvly000ktmdxcantm62e,5,,2025-08-28 19:48:42.938275+00
,cmf61gvly000ttmdxiz2klpt1,5,,2025-08-07 18:28:10.203173+00
,cmf61gvly000dtmdxe53ruvnr,5,,2025-08-12 18:56:10.981096+00
,cmf61gvly000ztmdxy6ivci4g,5,,2025-08-21 12:36:38.699995+00
,cmf61gvly000ttmdxiz2klpt1,3,,2025-09-02 12:20:07.645319+00
,cmf61gvly000ytmdxm1l6v3hn,5,"√ìtimo funcion√°rio bom atendimento ",2025-08-20 11:45:31.417572+00
,cmf61gvly000ttmdxiz2klpt1,5,,2025-08-12 17:08:42.937585+00
,cmf61gvly000ttmdxiz2klpt1,5,,2025-08-12 14:37:03.383376+00
,cmf61gvly000ytmdxm1l6v3hn,5,"Educado, Atencioso e gentil.",2025-09-04 12:19:55.451781+00
,cmf61gvly000ttmdxiz2klpt1,5,,2025-08-07 18:34:09.683649+00
,cmf61gvly000ltmdx3lmihnnk,5,,2025-08-20 13:42:03.359913+00
,cmf61gvly000dtmdxe53ruvnr,5,,2025-08-14 12:37:28.876272+00
,cmf61gvly000dtmdxe53ruvnr,5,,2025-08-12 13:15:57.445696+00
,cmf61gvly000ltmdx3lmihnnk,5,,2025-08-14 17:36:29.113497+00
,cmf61gvly000ttmdxiz2klpt1,5,,2025-09-01 18:30:52.850396+00
,cmf61gvly000qtmdxznrx7ibn,5,Mo√ßa muito atenciosa.,2025-08-08 16:25:49.341266+00
,cmf61gvly000ctmdxdz9ltjkf,5,,2025-08-08 21:25:11.409093+00
,cmf61gvly000ztmdxy6ivci4g,5,"Excelente atendimento ",2025-08-18 15:36:08.772609+00
,cmf61gvly001atmdx5t7uu1d6,5,,2025-08-18 13:50:38.134149+00
,cmf61gvly000ttmdxiz2klpt1,5,"Muito bom ",2025-08-12 15:05:43.998399+00
,cmf61gvly000ztmdxy6ivci4g,5,,2025-08-20 20:49:15.242843+00
,cmf61gvly000ttmdxiz2klpt1,5,,2025-08-22 16:24:02.711301+00
,cmf61gvly000dtmdxe53ruvnr,5,,2025-08-18 16:02:13.655792+00